{"cameraMode":{"drawMode":0,"name":"Shaded","section":"Shading Mode"},"sceneLighting":true,"audioPlay":false,"sceneViewState":{"m_AlwaysRefresh":false,"showFog":true,"showSkybox":true,"showFlares":true,"showImageEffects":true,"showParticleSystems":true,"showVisualEffectGraphs":true,"m_FxEnabled":true},"in2DMode":false,"pivot":{"x":-25.778911590576173,"y":8.52035140991211,"z":-38.702884674072269},"rotation":{"x":0.27526894211769106,"y":0.11132562905550003,"z":-0.03211302310228348,"w":0.9543670415878296},"size":3.6073946952819826,"orthographic":false}